MultihopOscilloscopeC__uartSendTask__runTask,380
AlarmToTimerC__0__fired__runTask,515
VirtualizeTimerC__0__updateFromTimer__runTask,554
AdcP__readDone__runTask,433
SimpleArbiterP__0__grantedTask__runTask,2413
Msp430RefVoltArbiterImplP__switchOff__runTask,133
AdcStreamP__readStreamDone__runTask,378
AdcStreamP__readStreamFail__runTask,404
AdcStreamP__bufferDone__runTask,61
CC2420CsmaP__startDone_task__runTask,1080
CC2420CsmaP__stopDone_task__runTask,54
CC2420CsmaP__sendDone_task__runTask,1118
CC2420ControlP__sync__runTask,506
CC2420ControlP__syncDone__runTask,50
CC2420SpiP__grant__runTask,3449
Msp430SpiNoDmaP__0__signalDone_task__runTask,40
ArbiterP__0__grantedTask__runTask,374
CC2420ReceiveP__receiveDone_task__runTask,3556
CC2420TinyosNetworkP__grantTask__runTask,486
DefaultLplP__send__runTask,672
DefaultLplP__resend__runTask,2110
DefaultLplP__startRadio__runTask,512
DefaultLplP__stopRadio__runTask,160
PowerCycleP__stopRadio__runTask,840
PowerCycleP__startRadio__runTask,645
PowerCycleP__getCca__runTask,542
CtpForwardingEngineP__0__sendTask__runTask,2105
AMQueueImplP__0__CancelTask__runTask,1342
AMQueueImplP__0__errorTask__runTask,1452
CtpRoutingEngineP__0__updateRouteTask__runTask,648
CtpRoutingEngineP__0__sendBeaconTask__runTask,191
SerialP__RunTx__runTask,596
SerialP__startDoneTask__runTask,641
SerialP__stopDoneTask__runTask,100
SerialP__defaultSerialFlushTask__runTask,551
SerialDispatcherP__0__signalSendDone__runTask,228
SerialDispatcherP__0__receiveTask__runTask,357
ArbiterP__1__grantedTask__runTask,417
AMQueueImplP__1__CancelTask__runTask,393
AMQueueImplP__1__errorTask__runTask,527
