CC2420ControlP__syncDone__runTask,50
RPLRankP__newParentSearch__runTask,1018
CC2420CsmaP__sendDone_task__runTask,2679
DefaultLplP__stopRadio__runTask,160
PowerCycleP__stopRadio__runTask,943
RPLDAORoutingEngineP__0__sendDAO__runTask,2496
RPLDAORoutingEngineP__0__initDAO__runTask,740
DefaultLplP__send__runTask,1871
RPLRoutingEngineP__0__initDIO__runTask,392
DefaultLplP__startRadio__runTask,512
CC2420ReceiveP__receiveDone_task__runTask,9885
VirtualizeTimerC__0__updateFromTimer__runTask,3568
RPLRoutingEngineP__0__sendDIOTask__runTask,2548
CC2420CsmaP__startDone_task__runTask,2089
RPLRoutingEngineP__0__sendDISTask__runTask,2259
CC2420SpiP__grant__runTask,3505
IPForwardingEngineP__defaultRouteAddedTask__runTask,14
PowerCycleP__getCca__runTask,542
ArbiterP__0__grantedTask__runTask,374
PacketLinkP__send__runTask,1783
Msp430SpiNoDmaP__0__signalDone_task__runTask,40
PowerCycleP__startRadio__runTask,935
DefaultLplP__resend__runTask,2163
CC2420CsmaP__stopDone_task__runTask,1011
ArbiterP__1__grantedTask__runTask,417
AlarmToTimerC__0__fired__runTask,3529
CC2420TinyosNetworkP__grantTask__runTask,219
IPNeighborDiscoveryP__send_rs_task__runTask,2313
RPLRoutingEngineP__0__computeRemaining__runTask,306
CC2420ControlP__sync__runTask,506
IPDispatchP__sendTask__runTask,2103
RPLRoutingEngineP__0__init__runTask,351
