PeriodicSampleLoggerP__0__eraseTask__runTask,325
PeriodicSampleLoggerP__0__appendTask__runTask,507
AlarmToTimerC__0__fired__runTask,515
VirtualizeTimerC__0__updateFromTimer__runTask,554
SineSensorC__0__readTask__runTask,243
Stm25pSectorP__signalDone_task__runTask,5985
ArbiterP__0__grantedTask__runTask,374
DeferredPowerManagerP__0__startTask__runTask,196
DeferredPowerManagerP__0__timerTask__runTask,295
Msp430SpiNoDmaP__0__signalDone_task__runTask,40
ArbiterP__1__grantedTask__runTask,417
LowPowerSensingPeriodicSamplerC__readNextTask__runTask,1949
LowPowerSensingPeriodicSamplerC__sendSampleMsgTask__runTask,1720
CC2420CsmaP__startDone_task__runTask,1080
CC2420CsmaP__stopDone_task__runTask,54
CC2420CsmaP__sendDone_task__runTask,1118
CC2420ControlP__sync__runTask,506
CC2420ControlP__syncDone__runTask,50
CC2420SpiP__grant__runTask,3449
CC2420ReceiveP__receiveDone_task__runTask,3556
CC2420TinyosNetworkP__grantTask__runTask,486
DefaultLplP__send__runTask,672
DefaultLplP__resend__runTask,2110
DefaultLplP__startRadio__runTask,512
DefaultLplP__stopRadio__runTask,160
PowerCycleP__stopRadio__runTask,840
PowerCycleP__startRadio__runTask,645
PowerCycleP__getCca__runTask,542
AMQueueImplP__0__CancelTask__runTask,1342
AMQueueImplP__0__errorTask__runTask,1452
