LqiRoutingEngineP__TimerTask__runTask,101
CC2420ControlP__syncDone__runTask,50
SerialP__RunTx__runTask,596
CC2420CsmaP__sendDone_task__runTask,2365
SendVirtualizerP__0__CancelTask__runTask,188
AdcStreamP__bufferDone__runTask,61
MultihopOscilloscopeC__uartSendTask__runTask,380
UARTDebugSenderP__sendTask__runTask,238
AMQueueImplP__1__CancelTask__runTask,555
AlarmToTimerC__0__fired__runTask,3330
ArbiterP__1__grantedTask__runTask,417
SerialDispatcherP__0__receiveTask__runTask,220
AMQueueImplP__1__errorTask__runTask,689
LqiRoutingEngineP__SendRouteTask__runTask,1704
CC2420ReceiveP__receiveDone_task__runTask,4659
VirtualizeTimerC__0__updateFromTimer__runTask,3369
SerialDispatcherP__0__signalSendDone__runTask,755
AdcStreamP__readStreamDone__runTask,378
CC2420SpiP__grant__runTask,3177
AMQueueImplP__0__errorTask__runTask,1491
SerialP__startDoneTask__runTask,1345
AMQueueImplP__0__CancelTask__runTask,1394
ArbiterP__0__grantedTask__runTask,2412
SerialP__stopDoneTask__runTask,100
Msp430SpiNoDmaP__0__signalDone_task__runTask,40
Msp430RefVoltArbiterImplP__switchOff__runTask,133
SerialP__defaultSerialFlushTask__runTask,551
AdcStreamP__readStreamFail__runTask,404
SimpleArbiterP__0__grantedTask__runTask,2411
CC2420CsmaP__stopDone_task__runTask,66
SendVirtualizerP__0__errorTask__runTask,345
AdcP__readDone__runTask,433
CC2420TinyosNetworkP__grantTask__runTask,1718
CC2420CsmaP__startDone_task__runTask,2146
CC2420ControlP__sync__runTask,441
