VirtualizeTimerC__0__updateFromTimer__runTask,698
CC2420ControlP__syncDone__runTask,50
CC2420CsmaP__sendDone_task__runTask,1227
CC2420SpiP__grant__runTask,3449
Msp430SpiNoDmaP__0__signalDone_task__runTask,40
AMQueueImplP__0__CancelTask__runTask,68
ArbiterP__0__grantedTask__runTask,374
CC2420ControlP__sync__runTask,506
AMQueueImplP__0__errorTask__runTask,284
CC2420CsmaP__stopDone_task__runTask,54
AlarmToTimerC__0__fired__runTask,659
CC2420TinyosNetworkP__grantTask__runTask,511
CC2420CsmaP__startDone_task__runTask,1314
CC2420ReceiveP__receiveDone_task__runTask,3755
